date,open,high,low,close,volume,,,,
1/25/2025,104824.0337,105243.7906,104120.3768,104714.6454,23888996502,,,,
1/26/2025,104713.2132,105438.6445,102507.7117,102682.497,22543395879,,,,
1/27/2025,102680.3036,103214.1105,97795.9361,102087.6913,89006608428,,,,
1/28/2025,102095.4176,103730.8211,100238.1881,101332.4762,47180685494,,,,
1/29/2025,101317.5273,104750.8072,101283.8227,103703.2112,47432049818,,,,
1/30/2025,103709.3388,106418.7667,103321.6451,104735.3028,41915744521,,,,
1/31/2025,104737.5622,106026.3503,101543.8829,102405.0271,45732764360,,,,
2/1/2025,102402.7981,102755.726,100297.7092,100655.9057,27757944848,,,,
2/2/2025,100661.5364,101430.6658,96216.07781,97688.9793,63091816853,,,,
2/4/2025,101398.717,101745.6133,96208.10655,97871.81783,73002130211,,,,
2/5/2025,97878.00975,99113.20783,96174.82556,96615.44454,49125911241,,,,
2/6/2025,96610.64023,99168.60601,95707.34992,96593.30033,45302471947,,,,
2/7/2025,96581.31729,100154.1433,95653.88665,96529.08249,55741290456,,,,
2/8/2025,96533.26084,96877.80734,95702.49237,96482.44987,22447526395,,,,
2/9/2025,96481.31526,97325.28204,94745.26123,96500.09479,27732901800,,,,
2/10/2025,96499.46209,98333.22007,95320.84203,97437.55726,40078962391,,,,
2/11/2025,97438.13121,98492.90128,94875.03885,95747.43113,37488783272,,,,
2/12/2025,95745.69446,98151.02693,94101.20333,97885.86306,49340445530,,,,
2/13/2025,97888.74649,98111.08742,95269.7079,96623.86901,37147280860,,,,
2/14/2025,96623.37087,98819.46896,96342.80603,97508.9699,32697987277,,,,
2/15/2025,97508.38277,97975.03725,97240.19712,97580.34938,17047266288,,,,
2/16/2025,97580.49058,97725.5973,96060.97975,96175.03204,16536755396,,,,
2/17/2025,96179.00457,97032.23825,95243.54319,95773.38419,27336550690,,,,
2/18/2025,95773.81624,96695.3784,93388.8322,95539.5436,37325720482,,,,
2/19/2025,95532.53215,96855.59722,95011.96908,96635.61321,28990872862,,,,
2/20/2025,96632.67919,98767.19374,96442.67072,98333.93783,31668022771,,,,
2/21/2025,98340.67004,99497.96677,94852.95862,96125.54405,49608706470,,,,
2/22/2025,96134.20191,96950.15938,95765.34039,96577.76155,18353824477,,,,
2/23/2025,96577.80308,96671.87429,95270.45281,96273.91975,16999478976,,,,
2/24/2025,96277.96379,96503.45443,91371.74071,91418.17367,44046480529,,,,
2/25/2025,91437.11401,92511.07974,86008.23491,88736.17344,92139104128,,,,
2/26/2025,88638.89346,89286.25192,82131.90136,84347.01972,64597492134,,,,
2/27/2025,84076.86191,87000.78102,83144.95905,84704.22458,52659591954,,,,
2/28/2025,84705.62848,85036.32223,78248.9161,84373.01033,83610570576,,,,
3/1/2025,84373.86437,86522.30235,83794.23249,86031.9124,29190628396,,,,
3/2/2025,86036.25755,95043.4352,85040.21116,94248.35053,58398341092,,,,
3/3/2025,94248.4215,94429.74782,85081.30493,86065.66833,70072228536,,,,
3/4/2025,86064.06666,88911.27408,81529.23983,87222.19221,68095241474,,,,
3/5/2025,87222.95487,90998.23954,86379.77304,90623.56184,50498988027,,,,
3/6/2025,90622.36116,92804.93983,87852.13848,89961.72724,47749810486,,,,
3/7/2025,89963.283,91191.04963,84717.67967,86742.67562,65945677657,,,,
3/8/2025,86742.65299,86847.26759,85247.48419,86154.59321,18206118081,,,,
3/9/2025,86154.30589,86471.13016,80052.48698,80601.04131,30899345977,,,,
3/10/2025,80597.14978,83955.92625,77420.59219,78532.00181,54061099422,,,,
3/11/2025,78523.87154,83577.75596,76624.25249,82862.20818,54702837196,,,,
3/12/2025,82857.37837,84358.57746,80635.24923,83722.36195,40353484454,,,,
3/13/2025,83724.9196,84301.69191,79931.85324,81066.70137,31412940153,,,,
3/14/2025,81066.99338,85263.28986,80797.56259,83969.09972,29588112414,,,,
3/15/2025,83968.40595,84672.67216,83639.59486,84343.10846,13650491277,,,,
3/16/2025,84333.32162,85051.59849,82017.90471,82579.69089,21330270174,,,,
3/17/2025,82576.33428,84725.32598,82492.15254,84075.6887,25092785558,,,,
3/18/2025,84075.71567,84075.71567,81179.99016,82718.50232,24095774594,,,,
3/19/2025,82718.80426,87021.18581,82569.72689,86854.22596,34931960257,,,,
3/20/2025,86872.9533,87443.26777,83647.19397,84167.1934,29028988961,,,,
3/21/2025,84164.54252,84782.27165,83171.06972,84043.24518,19030452299,,,,
3/22/2025,84046.25829,84513.87242,83674.78082,83832.48755,9863214091,,,,
3/23/2025,83831.90051,86094.78008,83794.91066,86054.37186,12594615537,,,,
3/24/2025,86070.92811,88758.72964,85541.1981,87498.91241,34582604933,,,,
3/25/2025,87512.81944,88542.39467,86346.0789,87471.70305,30005840049,,,,
3/26/2025,87460.23667,88292.1569,85861.45539,86900.88554,26704046038,,,,
3/27/2025,86896.25488,87786.7234,85837.9337,87177.10211,24413471941,,,,
3/28/2025,87185.23468,87489.86121,83557.64246,84353.15101,34198619509,,,,
3/29/2025,84352.07273,84567.33215,81634.14131,82597.58434,16969396135,,,,
3/30/2025,82596.98323,83505.00293,81573.24707,82334.5227,14763760943,,,,
3/31/2025,82336.05935,83870.12135,81293.88856,82548.91096,29004228247,,,,
4/1/2025,82551.91873,85487.36612,82429.36199,85169.16959,28175650319,,,,
4/2/2025,85180.61304,88466.95696,82343.53911,82485.70837,47584398470,,,,
4/3/2025,82487.47642,83909.29837,81282.09786,83102.82821,36852112080,,,,
4/4/2025,83100.24744,84696.14626,81670.74877,83843.80487,45157640207,,,,
4/5/2025,83844.69966,84207.01936,82377.73586,83504.80017,14380803631,,,,
4/6/2025,83504.50712,83704.71779,77097.7409,78214.48082,36294853736,,,,
4/7/2025,78221.33313,81119.06442,74436.6791,79235.33313,91262424987,,,,
4/8/2025,79218.47386,80823.88812,76198.02228,76271.95017,48314590749,,,,
4/9/2025,76273.5617,83541.00025,74589.67271,82573.95113,84213627038,,,,
4/10/2025,82565.97445,82700.93206,78456.13375,79626.14144,44718000633,,,,
4/11/2025,79625.04814,84247.47365,78936.32057,83404.83981,41656778779,,,,
4/12/2025,83404.51699,85856.18787,82769.37789,85287.11328,24258059104,,,,
4/13/2025,85279.47053,86015.18585,83027.00426,83684.97903,28796984817,,,,
4/14/2025,83694.52327,85784.99773,83690.63695,84542.39128,34090769777,,,,
4/15/2025,84539.69278,86429.34848,83598.81842,83668.98933,28040322885,,,,
4/16/2025,83674.51108,85428.28241,83100.61793,84033.86542,29617804112,,,,
4/17/2025,84030.67293,85449.06766,83749.75302,84895.75144,21276866029,,,,
4/18/2025,84900.19136,85095.04944,84298.8832,84450.80708,12728372364,,,,
4/19/2025,84450.87033,85597.70374,84353.45782,85063.41306,15259300427,,,,
4/20/2025,85066.06887,85306.38126,83976.84585,85174.30163,14664050812,,,,
4/21/2025,85171.54275,88460.09617,85143.83771,87518.90503,41396190190,,,,
4/22/2025,87521.87117,93817.38379,87084.52941,93441.89335,55899038456,,,,
4/23/2025,93427.58581,94535.73207,91962.95818,93699.11318,41719568821,,,,
4/24/2025,93692.39595,94016.19443,91696.71411,93943.79342,31483175315,,,,
4/25/2025,93954.24982,95768.39247,92898.59309,94720.49802,40915232364,,,,
4/26/2025,94714.64637,95251.35944,93927.25063,94646.92811,17612825123,,,,
4/27/2025,94660.90921,95301.20638,93665.39736,93754.84674,18090367764,,,,
4/28/2025,93755.30361,95598.49224,92860.80822,94978.7525,32363449569,,,,
4/29/2025,94981.86138,95485.41282,93796.63422,94284.79163,25806129921,,,,
4/30/2025,94286.46866,95249.31941,92979.63963,94207.3113,28344679831,,,,
5/1/2025,94212.86288,97437.96388,94153.63388,96492.33905,32875889623,,,,
5/2/2025,96494.96919,97905.90081,96375.94611,96910.06858,26421924677,,,,
5/3/2025,96904.63474,96943.88182,95821.29092,95891.79803,15775154889,,,,
5/4/2025,95877.18418,96318.91982,94173.43224,94315.97489,18198688416,,,,
5/5/2025,94319.56287,95193.1862,93566.26384,94748.05148,25816260327,,,,
5/6/2025,94748.38629,96889.17623,93399.85891,96802.47756,26551275827,,,,
5/7/2025,96800.1945,97625.80534,95829.33207,97032.31897,76983822462,,,,
5/8/2025,97034.24689,103969.5365,96913.8724,103241.4608,69895404397,,,,
5/9/2025,103239.1252,104297.4909,102343.0903,102970.8497,58198593958,,,,
5/10/2025,102973.7142,104961.7644,102830.4816,104696.3273,42276713994,,,,
5/11/2025,104701.0726,104937.9892,103364.7398,104106.3555,46285517406,,,,
5/12/2025,104106.9627,105747.4521,100814.4026,102812.9533,63250475404,,,,
5/13/2025,102812.4925,104997.4206,101515.0929,104169.8129,52608876410,,,,
5/14/2025,104167.3256,104303.5652,102618.2974,103539.4171,45956071155,,,,
5/15/2025,103538.8257,104153.6199,101440.8125,103744.6436,50408241840,,,,
5/16/2025,103735.6551,104533.4867,103137.4787,103489.2917,44386499364,,,,
5/17/2025,103489.2897,103716.949,102659.1771,103191.0855,37898552742,,,,
5/18/2025,103186.9556,106597.1681,103142.6046,106446.0106,49887082058,,,,
5/19/2025,106430.5327,107068.7224,102112.6855,105606.1815,61761126647,,,,
5/20/2025,105605.4091,107307.1139,104206.5158,106791.0897,36515726122,,,,
5/21/2025,106791.3124,110724.4642,106127.2346,109678.0763,78086364051,,,,
5/22/2025,109673.4919,111970.1681,109285.0724,111673.284,70157575642,,,,
5/23/2025,111679.3563,111798.9039,106841.3012,107287.7967,67548133399,,,,
5/24/2025,107278.507,109454.5212,106895.2911,107791.1575,45903627163,,,,
5/25/2025,107802.2721,109313.3015,106683.3725,109035.387,47518041841,,,,
5/26/2025,109023.7783,110376.8815,108735.6419,109440.3684,45950461571,,,,
5/27/2025,109440.4095,110744.2078,107609.5567,108994.6422,57450176272,,,,
5/28/2025,108992.1725,109298.2886,106812.9299,107802.3245,49155377493,,,,
5/29/2025,107795.5706,108910.0492,105374.3999,105641.7607,56022752042,,,,
5/30/2025,105646.2077,106308.9485,103685.7883,103998.5722,57655287183,,,,
5/31/2025,103994.7152,104927.1046,103136.1135,104638.0913,38997843858,,,,
6/1/2025,104637.2967,105884.5443,103826.9556,105652.0986,37397056873,,,,
6/2/2025,105649.8096,105958.3134,103727.5471,105881.5339,45819706290,,,,
6/3/2025,105888.4735,106813.579,104920.8441,105432.4701,46196508367,,,,
6/4/2025,105434.3683,105997.6923,104232.6999,104731.9833,44544857105,,,,
6/5/2025,104750.7801,105936.6902,100436.8859,101575.9523,57479298400,,,,
6/6/2025,101574.3671,105376.7734,101169.5724,104390.3469,48856653697,,,,
6/7/2025,104390.6448,105972.7541,103987.3118,105615.6263,38365033776,,,,
6/8/2025,105617.5094,106497.0598,105075.3305,105793.6502,36626232328,,,,
6/9/2025,105793.0212,110561.4198,105400.2309,110294.0991,55903193732,,,,
6/10/2025,110295.6877,110380.1214,108367.7134,110257.2377,54700101509,,,,
6/11/2025,110261.7963,110384.221,108086.3279,108686.6277,50842662052,,,,
6/12/2025,108685.9104,108780.6974,105785.6887,105929.0513,54843867968,,,,
6/13/2025,105924.5906,106182.546,102822.0258,106090.9664,69550440846,,,,
6/14/2025,106108.0852,106203.756,104379.3652,105472.4087,38007870453,,,,
6/15/2025,105464.8401,106157.0984,104519.8802,105552.027,36744307742,,,,
6/16/2025,105555.5929,108915.3756,104997.6212,106796.7572,50366626945,,,,
6/17/2025,106794.1209,107750.1941,103396.528,104601.1168,55964092176,,,,
6/18/2025,104602.0686,105581.8531,103602.2618,104883.3269,47318089133,,,,
6/19/2025,104886.7743,105250.8923,103940.7752,104684.286,37333806920,,,,
6/20/2025,104681.033,106539.3839,102372.211,103309.6041,50951862476,,,,
6/21/2025,103315.0806,104015.7801,100973.0642,102257.4087,38360555118,,,,
6/22/2025,102212.0349,103351.6304,98286.20593,100987.1395,65536997201,,,,
6/23/2025,100987.4731,106116.8623,99705.747,105577.772,65237759656,,,,
6/24/2025,105571.5178,106316.8286,104740.2421,106045.6321,48822986421,,,,
6/25/2025,106047.4032,108168.4003,105881.3894,107361.2608,51624120283,,,,
6/26/2025,107375.0706,108305.543,106666.3498,106960.0033,43891990613,,,,
6/27/2025,106954.9233,107772.4715,106449.9941,107088.4302,45353692675,,,,
6/28/2025,107090.5489,107567.8816,106883.9733,107327.7032,30037708335,,,,
6/29/2025,107327.8224,108526.307,107230.1105,108385.5701,35534874438,,,,
6/30/2025,108383.4412,108798.7919,106759.6503,107135.3345,42064804590,,,,
7/1/2025,107144.3826,107550.6787,105270.2266,105698.2781,44110692247,,,,
7/2/2025,105703.0999,109763.6535,105157.3956,108859.3239,56248657737,,,,
7/3/2025,108845.0129,110541.4616,108605.7956,109647.9788,50494742270,,,,
7/4/2025,109635.6552,109751.9875,107296.38,108034.339,42616442656,,,,
7/5/2025,108015.8392,108381.3402,107842.2751,108231.182,30615537520,,,,
7/6/2025,108231.1838,109731.6259,107847.0172,109232.0697,36746020463,,,,
7/7/2025,109235.328,109710.2498,107527.0572,108299.8511,45415696597,,,,
7/8/2025,108298.229,109198.9716,107499.5565,108950.2755,44282204127,,,,
7/9/2025,108950.2755,111925.3769,108357.682,111326.5513,57927418065,,,,
7/10/2025,111329.196,116608.7847,110660.7495,115987.2062,95911605728,,,,
7/11/2025,115986.2348,118856.4737,115245.6863,117516.9937,86928361085,,,,
7/12/2025,117530.7129,118219.9,116977.0237,117435.2301,45524560304,,,,
7/13/2025,117432.2008,119449.5719,117265.4379,119116.1175,49021091807,,,,
7/15/2025,119853.8485,119935.5604,115765.6867,117777.189,98321661181,,,,
7/16/2025,117777.189,120065.5187,117064.8216,118738.506,72162029070,,,,
7/17/2025,118738.506,120999.6072,117508.216,119289.8422,72363841798,,,,
7/18/2025,119284.1118,120851.9178,116925.9812,118003.2245,77945799785,,,,
7/19/2025,117998.1274,118541.4017,117388.4107,117939.9787,47564562765,,,,
7/20/2025,117944.1092,118865.0341,116550.1361,117300.7857,57515447231,,,,
7/21/2025,117306.467,119671.5641,116584.4004,117439.5358,69820091744,,,,
7/22/2025,117426.4982,120269.9665,116233.2262,119995.4156,79217583118,,,,
7/23/2025,119997.4427,120113.3505,117391.3908,118754.9572,66608604537,,,,
7/24/2025,118770.9815,119535.4547,117247.9722,118368.0032,72627318560,,,,
7/26/2025,117644.8441,118335.6855,117181.2278,117947.3662,48508954046,,,,
7/27/2025,117944.7297,119815.5973,117859.687,119448.4903,54683390892,,,,
7/28/2025,119457.522,119819.7899,117441.4375,117924.473,64822943193,,,,
7/29/2025,117938.5844,119273.8701,116987.3709,117922.1478,68463107433,,,,
7/30/2025,117921.9941,118780.7267,115800.8268,117831.1914,68896148592,,,,
7/31/2025,117833.6296,118919.9847,115505.2223,115758.2039,69370346018,,,,
8/1/2025,115738.9552,116060.7726,112724.443,113320.086,91294530181,,,,
8/2/2025,113320.3944,114021.6051,112005.7691,112526.9146,56870866000,,,,
8/3/2025,112525.8033,114747.4234,111943.8044,114217.673,48099615826,,,,
8/4/2025,114223.9233,115729.472,114130.4032,115071.8843,35783028986,,,,
8/5/2025,115072.1846,115117.4359,112701.1104,114141.4417,61039182286,,,,
8/6/2025,114140.9136,115737.8332,113372.249,115027.9964,56379133510,,,,
8/7/2025,115030.0522,117676.9055,114279.712,117496.8974,64051649681,,,,
8/8/2025,117505.4974,117689.2015,115917.4581,116688.7254,59713005166,,,,
8/9/2025,116678.2757,117906.6118,116363.8352,116500.3621,54004312429,,,,
8/10/2025,116497.7166,119320.7141,116485.166,119306.7614,64755458694,,,,
8/11/2025,119306.8108,122321.0974,118159.0285,118731.447,90528784177,,,,
8/12/2025,118717.6624,120302.4707,118228.7222,120172.9071,72803657984,,,,
8/13/2025,120168.9777,123682.4534,118939.6313,123344.0598,90904808795,,,,
8/15/2025,118365.7844,119332.3118,116864.5735,117398.348,68665353159,,,,
8/16/2025,117398.4231,117996.0633,117271.9524,117491.3484,48036922378,,,,
8/17/2025,117492.7886,118595.7763,117279.521,117453.0627,45852169525,,,,
8/18/2025,117453.9064,117614.1712,114723.6824,116252.3119,72787808090,,,,
8/19/2025,116241.8565,116764.4963,112730.3987,112831.176,71657600353,,,,
8/20/2025,112828.0214,114625.7961,112387.962,114274.7408,67993811526,,,,
8/21/2025,114275.6841,114802.6496,111986.2347,112419.0275,57817883700,,,,
8/22/2025,112433.7308,117377.3987,111678.9486,116874.0875,82528088240,,,,
8/23/2025,116866.3678,116996.2532,114536.1083,115374.3312,55377142586,,,,
8/24/2025,115387.3913,115615.084,111060.5449,113458.4322,73961489632,,,,
8/25/2025,113456.8947,113637.8419,109324.2802,110124.3509,85706860190,,,,
8/26/2025,110124.1054,112397.013,108762.0356,111802.6556,69396320317,,,,
8/27/2025,111795.7083,112619.4155,110398.2625,111222.0607,62137056409,,,,
8/28/2025,111219.0512,113450.0765,110900.9244,112544.802,58860155962,,,,
8/29/2025,112550.5201,112619.053,107559.6243,108410.8381,77843379644,,,,
8/30/2025,108409.405,108929.3487,107444.4432,108808.0717,51486264208,,,,
8/31/2025,108818.4611,109490.9995,108104.6558,108236.7099,47986191770,,,,
9/1/2025,108228.7471,109890.5849,107271.1834,109250.5948,66870372995,,,,
9/2/2025,109243.0673,111748.0127,108454.0286,111200.5872,74776999491,,,,
9/3/2025,111190.6987,112600.2246,110582.9581,111723.2133,61119643565,,,,
9/4/2025,111718.1491,112208.3283,109347.2252,110723.6001,60131132901,,,,
9/5/2025,110723.0145,113357.4892,110233.3952,110650.9883,60241647677,,,,
9/6/2025,110650.5717,111275.0151,110024.0841,110224.6977,21500719036,,,,
9/7/2025,110221.3259,111591.0756,110211.6215,111167.6195,24618007520,,,,
9/8/2025,111163.0178,112869.2357,110630.6056,112071.4311,40212813407,,,,
9/9/2025,112077.5773,113225.44,110776.7003,111530.55,45984480722,,,,
9/10/2025,111531.2479,114275.2528,110940.0769,113955.359,56377473784,,,,
9/11/2025,113961.4281,115522.5439,113453.8393,115507.5375,45685065332,,,,
9/12/2025,115507.793,116769.3825,114794.4844,116101.5809,54785725894,,,,
9/13/2025,116093.5595,116334.6336,115248.2759,115950.505,34549454947,,,,
9/14/2025,115950.2923,116181.4992,115222.3963,115407.6544,32798036057,,,,
9/15/2025,115399.6311,116747.8792,114461.0632,115444.8727,52937859416,,,,
9/16/2025,115423.7546,117005.2759,114813.0926,116843.1843,45781744593,,,,
9/17/2025,116840.5069,117328.6057,114794.9732,116468.5074,60528025996,,,,
9/18/2025,116461.2627,117911.7883,116188.7952,117137.2025,49457272032,,,,
9/19/2025,117137.6733,117479.7543,115141.8173,115688.8628,38828473971,,,,
9/20/2025,115691.1285,116191.1481,115473.5243,115721.9582,22864449614,,,,
9/21/2025,115730.2258,115901.0896,115252.5801,115306.0972,22495852193,,,,
9/22/2025,115309.2221,115431.3091,112037.6447,112748.5056,70684158591,,,,
9/23/2025,112757.4756,113351.912,111535.5673,112014.4997,47211853279,,,,
9/24/2025,112007.6665,113986.2712,111229.6388,113328.6304,48044595085,,,,
9/25/2025,113330.1657,113541.087,108713.3962,109049.288,75528654284,,,,
9/26/2025,109041.2945,110359.1941,108728.978,109712.8315,57738288949,,,,
9/27/2025,109707.141,109778.4989,109144.293,109681.9425,26308042910,,,,
9/28/2025,109681.9473,112375.4821,109236.9477,112122.6392,33371048505,,,,
9/29/2025,112117.8788,114473.5699,111589.9507,114400.3864,60000147466,,,,
9/30/2025,114396.5202,114836.6154,112740.5647,114056.0836,58986330258,,,,
10/1/2025,114057.5922,118648.9286,113981.396,118648.9286,71328680132,,,,
10/2/2025,118652.3859,121086.4072,118383.1582,120681.2597,71415163912,,,,
10/3/2025,120656.982,123944.705,119344.311,122266.5327,83941392228,,,,
10/4/2025,122267.4698,122857.6402,121577.5714,122425.4287,36769171735,,,,
10/5/2025,122419.6707,125559.2087,122191.9581,123513.4737,73689317763,,,,
10/6/2025,123510.45,126198.0696,123196.0489,124752.5284,72568881188,,,,
10/7/2025,124752.1397,125184.0258,120681.9718,121451.3791,76149412513,,,,
10/8/2025,121448.3536,124167.0917,121119.1801,123354.8703,65354305286,,,,
10/9/2025,123337.0678,123739.3466,119812.0346,121705.5823,74653009425,,,,
10/12/2025,110811.5141,115805.0652,109715.5413,115169.7639,93710414091,,,,
10/13/2025,115161.6758,116020.4865,113821.1902,115271.0751,71582026739,,,,
10/14/2025,115264.879,115502.8794,110029.4866,113118.6672,92212917403,,,,
10/15/2025,113113.9721,113622.382,110235.8355,110783.1669,72574132855,,,,
10/16/2025,110782.1719,111990.813,107537.0293,108186.0385,87306423067,,,,
10/17/2025,108179.1347,109235.8077,103598.4289,106467.7852,99703051669,,,,
10/18/2025,106483.7352,107490.9812,106387.4499,107198.2669,37779905278,,,,
10/19/2025,107204.3141,109488.9925,106157.7906,108666.7115,47657008953,,,,
10/20/2025,108667.4438,111711.0332,107485.0143,110588.9302,63507793085,,,,
10/22/2025,108491.5277,109115.1366,106777.9966,107688.5881,80807013218,,,,
10/23/2025,107679.4388,111288.5948,107548.4292,110069.7229,54944076060,,,,
10/24/2025,110069.3546,111842.528,109770.1516,111033.9231,48160816980,,,,
10/25/2025,111032.6149,111947.7047,110704.4078,111641.73,24707667305,,,,
10/26/2025,111639.0527,115260.9051,111268.4876,114472.4434,41708524143,,,,
10/27/2025,114479.8489,116273.3143,113882.2921,114119.3248,61761358733,,,,
10/28/2025,114129.0891,116078.9852,112291.6815,112956.1664,64528066504,,,,
10/29/2025,112921.3275,113642.7241,109368.7201,110055.3029,62192043469,,,,
10/30/2025,110059.1968,111612.3482,106376.6888,108305.5488,69673964814,,,,
10/31/2025,108304.4146,111031.8219,108288.2713,109556.1609,60090359560,,,,
11/1/2025,109558.6275,110574.9014,109372.9547,110064.0174,25871668762,,,,
11/2/2025,110064.4316,111167.3134,109523.4562,110639.6263,34284209459,,,,
11/3/2025,110646.9053,110764.9165,105336.3572,106547.5196,72852006359,,,,
11/5/2025,101579.2367,104534.7011,98989.91588,103891.8355,77584934804,,,,
11/6/2025,103893.6663,104147.304,100336.8665,101301.2905,63932752861,,,,
11/7/2025,101286.2435,104052.9168,99257.05733,103372.4067,92168030081,,,,
11/8/2025,103371.7013,103373.5593,101458.04,102282.114,51446691095,,,,
11/9/2025,102278.9809,105418.3686,101468.8753,104719.6389,59679243013,,,,
11/10/2025,104723.7707,106564.6973,104350.6459,105996.5971,69585887229,,,,
11/11/2025,105996.8575,107428.2598,102457.3299,102997.471,71130078574,,,,
11/12/2025,103011.4345,105297.2335,100836.6137,101663.1867,64347179408,,,,
11/15/2025,94420.47103,96728.47242,94420.47103,95549.14594,38500716654,,,,
11/16/2025,95556.86578,96564.19122,92971.16556,94177.07448,71086235862,,,,
11/17/2025,94180.87633,95928.36958,91214.75439,92093.87421,94186165724,,,,
11/19/2025,92946.16603,92946.16603,88526.82887,91465.98907,80350354656,,,,
11/20/2025,91459.35155,93025.07003,86040.79724,86631.89857,97970645638,,,,
11/22/2025,85098.56592,85503.0102,83490.90126,84648.35673,40793099246,,,,
11/23/2025,84648.60862,88038.4682,84641.77396,86805.00808,58083435576,,,,
11/24/2025,86798.77131,89206.33535,85272.19616,88270.56197,74433896110,,,,
11/25/2025,88269.95787,88457.33338,86131.4289,87341.89375,64837343545,,,,
11/26/2025,87345.58651,90581.1537,86316.90074,90518.36958,66496301869,,,,
11/27/2025,90517.76571,91897.57534,90089.51626,91285.37234,57040622845,,,,
11/28/2025,91285.37945,92969.08653,90257.1168,90919.26943,60895830289,,,,
11/29/2025,90918.73991,91187.62098,90260.18622,90851.75407,37921773455,,,,
11/30/2025,90838.20907,91965.04491,90394.30895,90394.30895,38497902869,,,,
12/1/2025,90389.1098,90398.15846,83862.24852,86321.56995,87962894424,,,,
12/2/2025,86322.53807,92316.62904,86202.19376,91350.20543,78546798211,,,,
12/3/2025,91345.09562,94060.77281,91056.38863,93527.8038,77650204986,,,,
12/4/2025,93454.2567,94038.24428,90976.09861,92141.62229,64538402681,,,,
12/5/2025,92133.64983,92702.63683,88152.14402,89387.75441,63256398633,,,,
12/6/2025,89389.36132,90267.46083,88951.66792,89272.37385,37994042405,,,,
12/7/2025,89277.8108,91740.8451,87799.56278,90405.63851,47394898960,,,,
12/8/2025,90424.58576,92267.11461,89644.88685,90640.20558,57394099056,,,,
12/9/2025,90639.70334,94601.57081,89586.97714,92691.70747,66861721440,,,,
12/10/2025,92695.23366,94477.15882,91640.13138,92020.94574,65420694513,,,,
12/11/2025,92011.30468,93554.26792,89335.29971,92511.33916,64532834621,,,,
12/12/2025,92513.66749,92747.93332,89532.59982,90270.4128,80275884583,,,,
12/13/2025,90257.80057,90647.57225,89800.99174,90298.71012,64237748110,,,,
12/14/2025,90296.43447,90498.11077,87634.93707,88175.17741,50465972205,,,,
12/15/2025,88171.08038,89983.91873,85304.07788,86419.78052,45559514323,,,,
12/16/2025,86424.40704,88170.09765,85381.68879,87843.98631,41262178223,,,,
12/17/2025,87847.61542,90264.56914,85316.26534,86143.75766,44243392914,,,,
12/18/2025,86144.36502,89412.66224,84436.31546,85462.50638,52667115348,,,,
12/19/2025,85476.13621,89339.11953,85107.66404,88103.38063,46733310561,,,,
12/20/2025,88101.67079,88497.20562,87924.87312,88343.99857,14688196659,,,,
12/21/2025,88344.70065,89027.94956,87613.19945,88621.75042,19845522660,,,,
12/22/2025,88621.40135,90501.93075,87908.07332,88490.0192,38047472118,,,,
12/23/2025,88490.02831,88898.38623,86606.97392,87414.00058,43683011533,,,,
12/24/2025,87404.32179,87956.8803,86411.79909,87611.96149,25550297986,,,,
12/25/2025,87608.3166,88501.79039,86949.26,87234.73833,19953216347,,,,
12/26/2025,87235.5117,89459.43273,86628.14446,87301.43224,42455674908,,,,
12/27/2025,87301.43319,87874.78254,87182.97932,87802.15521,13741199310,,,,
12/28/2025,87799.34518,87986.8915,87394.95366,87835.83351,15156557929,,,,
12/29/2025,87835.79133,90299.1552,86717.91538,87138.14324,48411625849,,,,
12/30/2025,87134.35224,89297.93749,86735.54373,88430.13612,35586356225,,,,
12/31/2025,88429.58656,89080.28559,87130.56487,87508.82508,33830210616,,,,
1/1/2026,87508.04766,88803.22671,87399.40924,88731.98666,18849043990,,,,
1/2/2026,88733.0656,90884.46056,88298.61903,89944.69386,46398906171,,,,
1/3/2026,89945.05682,90679.56802,89328.06838,90603.18914,20774828592,,,,
1/4/2026,90602.99764,91712.58297,90595.10144,91413.49252,26770491368,,,,
1/5/2026,91414.62865,94762.06809,91414.62865,93882.55303,53376407252,,,,
1/6/2026,93876.94843,94395.29625,91286.54854,93729.02972,52430605257,,,,
1/7/2026,93727.46838,93738.79167,90601.80515,91308.05472,43461295053,,,,
1/8/2026,91309.64181,91485.84818,89233.87625,91027.12673,42386697030,,,,
1/9/2026,91026.27552,91910.67003,89625.37964,90513.09815,38305906684,,,,
1/10/2026,90510.1026,90713.03047,90283.40039,90386.65112,12385895282,,,,
1/11/2026,90385.35747,91155.22842,90212.02089,90827.45983,17165568977,,,,
1/12/2026,90825.85608,92395.52536,90055.02233,91192.98949,41346275358,,,,
1/13/2026,91185.33877,96011.62148,90941.92656,95321.77951,54980674354,,,,
1/14/2026,95322.90861,97860.6038,94583.04944,96929.33088,60592490863,,,,
1/15/2026,96931.29138,97150.17172,95103.24495,95551.18986,53086363027,,,,
1/16/2026,95554.09956,95801.88675,94259.27182,95525.11884,33248170537,,,,
1/17/2026,95525.15684,95598.47368,95005.61455,95099.92254,16021715122,,,,
1/18/2026,95101.17895,95491.50996,93588.86698,93634.43195,20809781232,,,,
1/19/2026,93655.67283,93660.82916,92089.25131,92553.59714,39195241508,,,,
1/20/2026,92553.59918,92798.42781,87814.92982,88310.9039,53072968031,,,,
1/21/2026,88326.50905,90430.40672,87231.5707,89376.95833,56330422434,,,,
1/22/2026,89378.52467,90258.95747,88438.44823,89462.44931,35549685694,,,,
1/23/2026,89462.04938,91100.25061,88486.3577,89503.87851,38997586037,,,,
1/24/2026,89506.15182,89811.6129,89044.291,89110.73766,14558687712,,,,
1/25/2026,89104.76401,89193.14615,86003.71038,86572.21534,36124986722,,,,
1/26/2026,86566.52291,88743.06969,86429.29278,88267.13676,45329286974,,,,
1/27/2026,88257.47375,89427.1274,87228.92397,89102.5685,38744942267,,,,
1/28/2026,89104.04367,90439.28858,88721.4612,89184.57044,39807419296,,,,
1/29/2026,89169.84802,89200.7843,83250.59826,84561.58486,64653083162,,,,
1/30/2026,84562.72809,84602.16348,81071.47285,84128.65876,72083816087,,,,
1/31/2026,84126.49815,84136.92118,75815.88284,78621.11403,70479259159,,,,
2/1/2026,78626.12693,79322.61251,75698.90121,76974.44291,53372509744,,,,
2/2/2026,76968.87293,79258.60848,74551.3332,78688.76434,75140589684,,,,
2/3/2026,78693.50936,79118.84804,72897.14445,75633.54992,68249110822,,,,
2/4/2026,75640.09362,76864.65595,71779.93098,73019.6998,67215363944,,,,
2/7/2026,70553.79532,71611.15191,67364.44291,69281.97234,62347107663,,,,
2/8/2026,69283.72904,72206.90888,68852.90229,70264.72472,39721722619,,,,
2/9/2026,70243.33071,71369.97222,68291.02778,70120.78099,52081598792,,,,
2/10/2026,70137.38829,70464.2691,67913.09006,68793.9599,40593063077,,,,
2/11/2026,68791.86223,69242.68022,65757.30106,66991.97091,49671946030,,,,
2/12/2026,66992.19183,68339.4923,65092.10801,66221.84484,44651071271,,,,
2/13/2026,66213.37863,69382.83463,65835.78018,68857.84251,40820775886,,,,
2/14/2026,68856.98555,70481.16135,68706.61405,69767.62343,36012397645,,,,
2/15/2026,69764.95416,70939.29147,68052.54893,68788.18982,40191152750,,,,
2/16/2026,68782.39933,70067.23602,67301.58461,68843.15353,33618145426,,,,
2/17/2026,68843.09,69201.86694,66615.28362,67494.21525,34866936040,,,,
2/18/2026,67488.02226,68434.43299,65845.9009,66425.32364,33094301643,,,,
2/19/2026,66425.62545,67277.12229,65637.42662,66957.52386,31492987019,,,,
2/20/2026,66958.57549,68269.02898,66452.48278,68005.42064,47507867304,,,,
2/21/2026,68000.24649,68657.69926,67533.06797,68003.7645,18357635642,,,,
2/22/2026,67998.82464,68235.22763,67185.60116,67659.39143,17893536012,,,,
2/23/2026,67668.42854,67668.42854,63924.43845,64616.7364,50953457309,,,,
2/24/2026,64616.01741,64992.15818,62553.1875,64080.0418,40849331086,,,,
2/25/2026,64077.76968,69953.53384,63942.48581,67960.12324,53629234355,,,,
2/26/2026,67954.8663,68843.35456,66523.73621,67453.77004,42988597523,,,,
2/27/2026,67456.51677,68220.40805,64946.03675,65881.79513,40283655942,,,,
